T,Value,Duration(ms),Acceleration
1,0x129b8940dea988c8,5028,1
2,0x129b8940dea988c8,2564,1.961
3,0x129b8940dea988c8,1897,2.6505
4,0x129b8940dea988c8,1443,3.48441
5,0x129b8940dea988c8,1222,4.11457
6,0x129b8940dea988c8,1084,4.63838
7,0x129b8940dea988c8,974,5.16222
8,0x129b8940dea988c8,918,5.47712
