T,Duration,Acceleration
1,410.2,1
2,232.4,1.76506
3,183,2.24153
4,140.4,2.92165
5,164.3,2.49665
6,147.4,2.7829
7,136.2,3.01175
8,126.2,3.2504
