T,Duration,Acceleration
1,0.163129,1
2,0.074282,2.19608
3,0.051492,3.16805
4,0.064283,2.53767
5,0.061209,2.66511
6,0.040992,3.97953
7,0.042267,3.85949
8,0.034357,4.74806